0,ranking
False,360
True,1
True,1
False,43
True,1
False,7
True,1
True,1
True,1
True,1
True,1
True,1
True,1
True,1
True,1
True,1
True,1
True,1
True,1
True,1
True,1
True,1
True,1
True,1
True,1
True,1
True,1
True,1
True,1
True,1
True,1
True,1
True,1
True,1
True,1
True,1
True,1
True,1
False,4
True,1
True,1
True,1
True,1
True,1
True,1
True,1
True,1
True,1
True,1
True,1
True,1
True,1
True,1
True,1
True,1
True,1
True,1
True,1
True,1
True,1
True,1
True,1
True,1
True,1
True,1
True,1
True,1
True,1
True,1
True,1
True,1
True,1
False,6
True,1
True,1
False,10
False,3
True,1
True,1
True,1
True,1
True,1
True,1
True,1
False,11
True,1
True,1
True,1
False,31
False,12
True,1
False,16
False,8
False,24
False,35
False,5
False,57
False,14
True,1
True,1
False,22
False,9
True,1
False,46
False,29
False,44
True,1
True,1
True,1
False,48
False,52
False,26
False,15
False,51
False,38
False,21
True,1
False,20
True,1
False,56
False,41
False,27
False,23
False,28
False,17
False,47
False,53
False,34
True,1
False,63
False,36
False,25
True,1
False,18
False,93
False,13
False,77
False,74
False,64
False,69
False,72
False,135
False,82
False,80
False,96
False,61
False,103
False,67
False,85
False,99
False,73
False,90
True,1
False,33
False,45
False,19
False,32
True,1
False,55
False,100
False,49
False,50
True,1
True,1
False,30
False,92
False,54
False,65
False,104
False,60
False,97
False,76
False,108
False,151
False,111
False,95
False,109
False,106
False,94
False,107
False,121
False,150
False,132
False,153
False,123
False,122
False,144
False,114
False,165
False,112
False,101
False,140
False,88
False,142
False,129
False,145
False,118
False,71
False,136
False,110
False,159
False,120
False,70
False,89
False,137
False,127
False,40
False,116
False,78
False,83
False,149
False,126
False,58
False,158
False,66
False,81
False,115
False,128
False,98
False,157
False,155
False,160
False,154
False,91
True,1
False,87
True,1
False,131
False,37
False,133
False,161
False,138
False,170
False,167
False,152
False,59
False,125
False,124
False,143
False,189
False,192
False,134
False,180
False,179
False,205
False,148
False,172
False,42
False,130
False,181
False,191
False,190
False,183
False,200
False,227
False,202
False,195
False,163
False,147
False,146
False,177
False,203
False,219
False,79
False,141
False,214
False,169
False,171
False,206
False,223
False,113
False,225
False,198
False,194
False,185
False,208
False,222
False,212
False,232
False,162
False,239
False,220
False,186
False,178
False,197
False,139
False,209
False,175
False,119
False,176
False,187
False,182
False,201
False,84
False,230
False,250
False,39
False,226
False,207
False,204
False,218
False,256
False,231
False,238
False,216
False,193
False,199
False,166
False,259
False,234
False,257
False,253
False,251
False,261
False,289
False,252
False,86
False,2
False,241
False,269
False,248
True,1
False,243
True,1
False,233
False,164
False,168
False,105
False,211
False,228
False,263
True,1
False,62
False,260
False,75
False,246
False,249
False,274
False,221
False,254
False,235
False,266
False,313
False,281
False,245
False,290
False,173
False,240
False,295
False,210
False,264
False,276
False,174
False,298
False,286
False,302
False,316
False,323
False,297
False,287
False,247
False,288
False,296
False,271
False,268
False,262
False,273
False,244
False,258
False,242
False,283
False,215
False,278
False,315
False,265
False,117
False,196
False,320
False,156
False,307
False,300
False,306
False,294
False,324
False,224
False,275
False,291
False,329
False,319
False,332
False,293
False,314
False,303
False,310
False,341
False,284
False,279
False,325
False,330
False,346
False,255
False,301
False,317
False,340
False,336
False,322
False,308
False,326
False,282
False,359
False,352
False,309
False,318
False,321
False,356
False,277
False,351
False,357
False,236
False,381
False,366
False,305
False,333
False,304
False,334
False,370
False,354
False,343
False,217
False,339
False,353
False,292
False,391
False,342
False,350
False,364
False,355
False,349
False,338
False,327
False,375
False,365
False,368
False,383
False,379
False,374
False,385
False,285
False,403
False,331
False,367
False,347
False,408
False,397
False,389
False,373
False,398
False,388
False,376
False,384
False,406
False,335
False,412
False,372
False,380
False,394
False,402
False,404
False,411
False,410
False,393
False,429
False,443
False,433
False,378
False,363
False,387
False,437
False,442
False,416
False,441
False,435
False,405
False,448
False,436
False,423
False,451
False,487
False,409
False,426
False,482
False,469
False,452
False,418
False,459
False,417
False,490
False,371
False,450
False,369
False,345
False,455
False,299
False,444
False,434
False,445
False,454
False,428
False,348
False,476
False,471
False,462
False,488
False,438
False,399
False,425
False,479
False,407
False,431
False,449
False,420
False,390
False,466
False,494
False,519
False,446
False,461
False,495
False,229
False,430
False,270
False,414
False,467
False,377
False,401
False,439
False,464
False,474
False,524
False,508
False,498
False,540
False,480
False,500
False,531
False,485
False,484
False,395
False,511
False,506
False,478
False,473
False,496
False,526
False,515
False,392
False,481
False,382
False,525
False,517
False,499
False,556
False,419
False,470
False,530
False,432
False,578
False,486
False,617
False,453
False,564
False,545
False,561
False,456
False,537
False,532
False,492
False,553
False,534
False,267
False,497
False,548
False,491
False,518
False,512
False,562
False,533
False,539
False,560
False,558
False,555
False,465
False,514
False,538
False,633
False,328
False,440
False,505
False,422
False,213
False,529
False,571
False,463
False,549
False,567
False,457
False,427
False,344
False,585
False,596
False,535
False,643
False,559
False,579
False,483
False,502
False,639
False,606
False,607
False,546
False,597
False,396
False,503
False,592
False,613
False,550
False,400
False,557
False,520
False,604
False,536
False,566
False,312
False,593
False,516
False,642
False,468
False,421
False,458
False,628
False,603
False,568
False,647
False,669
False,605
False,572
False,577
False,272
False,637
False,563
False,645
False,666
False,576
False,658
False,570
False,659
False,501
False,678
False,636
False,698
False,693
False,627
False,621
False,582
False,622
False,657
False,573
False,634
False,551
False,586
False,632
False,542
False,630
False,668
False,598
False,638
False,656
False,616
False,609
False,591
False,694
False,610
False,601
False,626
False,584
False,714
False,692
False,660
False,686
False,648
False,676
False,670
False,663
False,640
False,682
False,654
False,581
False,619
False,677
False,675
False,629
False,635
False,361
False,709
False,595
False,587
False,565
False,554
False,475
False,544
False,362
False,541
False,504
False,683
False,521
False,574
False,507
False,644
False,689
False,650
False,608
False,528
False,681
False,697
False,649
False,719
False,594
False,611
False,720
False,701
False,523
False,759
False,696
False,599
False,756
False,733
False,718
False,695
False,472
False,527
False,588
False,699
False,646
False,755
False,734
False,600
False,710
False,758
False,760
False,620
False,583
False,722
False,727
False,702
False,708
False,674
False,712
False,730
False,651
False,700
False,667
False,664
False,618
False,717
False,688
False,763
False,679
False,731
False,735
False,740
False,625
False,748
False,736
False,631
False,522
False,715
False,653
False,661
False,589
False,590
False,716
False,685
False,687
False,580
False,552
False,746
False,641
False,684
False,510
False,721
False,704
False,769
False,757
False,752
False,662
False,747
False,764
False,723
False,742
False,762
False,724
False,690
False,707
False,796
False,745
False,680
False,788
False,768
False,754
False,761
False,775
False,818
False,705
False,751
False,771
False,793
False,737
False,767
False,785
False,815
False,781
False,807
False,786
False,447
False,706
False,728
False,806
False,802
False,854
False,792
False,880
False,865
False,825
False,794
False,848
False,753
False,827
False,795
False,831
False,812
False,826
False,829
False,804
False,766
False,732
False,789
False,800
False,813
False,876
False,845
False,797
False,878
False,905
False,868
False,790
False,787
False,801
False,874
False,834
False,822
False,871
False,836
False,840
False,833
False,897
False,843
False,882
False,828
False,838
False,816
False,864
False,841
False,823
False,861
False,852
False,872
False,856
False,881
False,895
False,830
False,850
False,877
False,899
False,805
False,784
False,835
False,743
False,774
False,824
False,808
False,711
False,575
False,744
False,386
False,623
False,68
False,188
False,413
False,102
False,415
False,237
False,569
False,280
False,713
False,729
False,547
False,513
False,673
False,311
False,791
False,614
False,911
False,770
False,337
False,782
False,798
False,665
False,672
False,738
False,919
False,703
False,866
False,860
False,725
False,780
False,810
False,652
False,887
False,777
False,923
False,847
False,846
False,803
False,842
False,773
False,741
False,358
False,819
False,844
False,948
False,893
False,925
False,879
False,954
False,901
False,863
False,809
False,858
False,898
False,889
False,952
False,862
False,509
False,891
False,489
False,900
False,851
False,896
False,691
False,907
False,460
False,969
False,985
False,950
False,943
False,929
False,855
False,853
False,1025
False,977
False,909
False,612
False,772
False,184
False,933
False,941
False,922
False,904
False,924
False,783
False,892
False,849
False,912
False,857
False,765
False,951
False,918
False,940
False,964
False,886
False,1000
False,888
False,978
False,883
False,624
False,1042
False,913
False,987
False,974
False,917
False,671
False,921
False,1002
False,615
False,942
False,799
False,884
False,837
False,915
False,814
False,984
False,817
False,424
False,1137
False,956
False,1015
False,869
False,980
False,990
False,1004
False,962
False,1028
False,976
False,903
False,2097
False,1039
False,958
False,1062
False,916
False,1038
False,749
False,960
False,894
False,928
False,1073
False,972
False,1005
False,1080
False,1317
False,963
False,934
False,1201
False,1102
False,1023
False,1068
False,1321
False,1248
False,1010
False,955
False,1099
False,1250
False,1017
False,1087
False,1125
False,1133
False,1246
False,1275
False,1046
False,926
False,1167
False,1011
False,1223
False,975
False,1107
False,988
False,1058
False,920
False,1078
False,1168
False,1206
False,1160
False,1151
False,1132
False,1064
False,1234
False,1013
False,1187
False,1049
False,1274
False,1298
False,1061
False,1186
False,1037
False,1104
False,1177
False,1097
False,938
False,1072
False,1083
False,1325
False,1228
False,1279
False,1094
False,1284
False,2088
False,1030
False,1146
False,1076
False,1041
False,1110
False,1260
False,1190
False,2107
False,1287
False,1009
False,1235
False,1123
False,1014
False,998
False,1117
False,1175
False,1106
False,543
False,1119
False,1224
False,1138
False,1129
False,1775
False,1135
False,1301
False,1128
False,1101
False,1268
False,1091
False,1245
False,1291
False,979
False,1161
False,1159
False,1247
False,1139
False,1090
False,1183
False,1203
False,1108
False,1294
False,1272
False,1113
False,1074
False,1140
False,1141
False,1109
False,993
False,1118
False,997
False,726
False,944
False,1195
False,1192
False,1205
False,1173
False,1396
False,1189
False,1286
False,1081
False,1029
False,1018
False,1008
False,2218
False,982
False,1057
False,1134
False,1171
False,2229
False,1273
False,1021
False,1361
False,1213
False,1276
False,1056
False,1322
False,1463
False,1202
False,2248
False,1115
False,2252
False,1096
False,1295
False,1071
False,2261
False,1289
False,890
False,2267
False,1179
False,1241
False,1100
False,957
False,1176
False,1060
False,1355
False,1181
False,992
False,1085
False,910
False,1208
False,1421
False,1084
False,1079
False,931
False,1199
False,1066
False,1219
False,1022
False,1864
False,932
False,1145
False,1339
False,1200
False,1075
False,1407
False,1033
False,885
False,991
False,1207
False,1035
False,1156
False,1143
False,937
False,1045
False,1196
False,2342
False,1034
False,1112
False,1170
False,1178
False,1154
False,1065
False,1003
False,1131
False,1016
False,1051
False,1063
False,970
False,1027
False,1086
False,1130
False,1150
False,995
False,1518
False,1157
False,1032
False,935
False,1217
False,1067
False,1122
False,1007
False,936
False,1239
False,1053
False,1214
False,1127
False,968
False,1342
False,1069
False,1242
False,947
False,927
False,1230
False,1188
False,966
False,1197
False,1059
False,1098
False,1019
False,1070
False,1302
False,2435
False,1305
False,989
False,967
False,1259
False,1024
False,1439
False,1048
False,953
False,811
False,999
False,1198
False,1166
False,1036
False,1296
False,1182
False,1054
False,873
False,945
False,1103
False,1477
False,1147
False,1212
False,1243
False,981
False,2484
False,1077
False,1020
False,971
False,1383
False,1185
False,2497
False,2498
False,1285
False,1299
False,1089
False,1194
False,2508
False,1232
False,1155
False,1309
False,2517
False,2519
False,1626
False,1240
False,1169
False,1211
False,1422
False,2531
False,1148
False,1152
False,1267
False,1236
False,1251
False,1164
False,1244
False,949
False,961
False,1297
False,930
False,1277
False,602
False,2558
False,1044
False,867
False,965
False,1047
False,776
False,859
False,820
False,1352
False,1233
False,1314
False,832
False,2582
False,1040
False,1335
False,994
False,986
False,1012
False,870
False,739
False,821
False,655
False,477
False,1716
False,939
False,1280
False,1266
False,778
False,906
False,493
False,1597
False,1252
False,1372
False,1092
False,1647
False,1174
False,914
False,1142
False,1052
False,750
False,839
False,779
False,1095
False,1001
False,1413
False,1315
False,1093
False,908
False,1332
False,1055
False,1648
False,1389
False,1229
False,983
False,2666
False,875
False,1221
False,2673
False,1292
False,1124
False,1226
False,1050
False,1726
False,902
False,1191
False,1158
False,2690
False,1451
False,2694
False,1031
False,1311
False,1718
False,1026
False,1231
False,946
False,1428
False,1082
False,2125
False,1227
False,1116
False,2719
False,2718
False,1253
False,1237
False,996
False,1172
False,2730
False,1442
False,1362
False,2737
False,1320
False,1006
False,1215
False,2744
False,1337
False,2749
False,1329
False,1441
False,1163
False,1258
False,959
False,2760
False,1257
False,1256
False,1149
False,1270
False,1378
False,1088
False,2775
False,1209
False,1879
False,2781
False,1204
False,1261
False,1482
False,2788
False,1283
False,2792
False,2794
False,1184
False,2799
False,2800
False,1331
False,2805
False,1114
False,1671
False,2810
False,1326
False,1303
False,2816
False,1401
False,1105
False,2822
False,2824
False,1336
False,2828
False,2831
False,2830
False,2834
False,1120
False,1278
False,2840
False,2843
False,1271
False,1162
False,1350
False,1851
False,2853
False,1324
False,2857
False,1412
False,1136
False,1300
False,2865
False,1360
False,1318
False,1264
False,2872
False,1262
False,1111
False,1281
False,1364
False,2882
False,1307
False,1411
False,1504
False,1358
False,1126
False,1746
False,2897
False,2898
False,2896
False,2902
False,2905
False,1263
False,2909
False,2910
False,2912
False,1121
False,1165
False,1662
False,1144
False,1180
False,1450
False,2927
False,1346
False,2931
False,1420
False,973
False,1330
False,2938
False,2940
False,1153
False,2944
False,2947
False,1392
False,2951
False,1327
False,1216
False,2956
False,1366
False,2961
False,1460
False,2965
False,1222
False,2969
False,2968
False,1290
False,2975
False,2974
False,1210
False,2981
False,2983
False,1345
False,1218
False,2989
False,2991
False,2993
False,2994
False,2997
False,2996
False,3001
False,2992
False,1323
False,1468
False,3009
False,3011
False,3010
False,3008
False,1313
False,3019
False,1043
False,3023
False,1193
False,1220
False,3029
False,1293
False,3032
False,1249
False,3037
False,3036
False,1328
False,3042
False,1238
False,1503
False,3049
False,3051
False,3053
False,3054
False,1225
False,3059
False,1254
False,3062
False,1436
False,1269
False,1255
False,3071
False,1265
False,1288
False,3077
False,3078
False,3080
False,3082
False,3085
False,3084
False,3088
False,3090
False,3093
False,3076
False,3096
False,3099
False,1763
False,3103
False,1282
False,1344
False,1369
False,3111
False,3113
False,3114
False,3110
False,3119
False,3121
False,3122
False,1304
False,1306
False,3128
False,1310
False,3133
False,3135
False,1771
False,3139
False,1363
False,1308
False,1312
False,3147
False,3149
False,3150
False,3152
False,3155
False,3156
False,3159
False,3154
False,1371
False,3165
False,3167
False,3169
False,3171
False,3173
False,3174
False,3172
False,3178
False,3181
False,3183
False,3184
False,3186
False,3189
False,3190
False,3170
False,3195
False,3196
False,1316
False,3201
False,1319
False,1333
False,3207
False,3208
False,3211
False,1338
False,3214
False,3217
False,3219
False,3221
False,3223
False,3225
False,3227
False,3229
False,3230
False,3233
False,3234
False,3237
False,3239
False,3241
False,3243
False,3240
False,3246
False,3249
False,3250
False,3248
False,3255
False,3254
False,3258
False,3260
False,3262
False,3265
False,3267
False,3269
False,3270
False,3272
False,3274
False,3266
False,3278
False,3280
False,3283
False,3285
False,3287
False,3288
False,3290
False,3293
False,3264
False,3297
False,3296
False,3238
False,3232
False,3228
False,3307
False,3308
False,3311
False,3312
False,3314
False,3317
False,3319
False,3318
False,3323
False,3325
False,3326
False,3329
False,3330
False,3333
False,3334
False,3337
False,3339
False,3340
False,3343
False,3344
False,3347
False,3349
False,3350
False,3353
False,3355
False,3357
False,3346
False,3361
False,3362
False,3364
False,3367
False,3369
False,3370
False,3373
False,3372
False,3377
False,3378
False,3381
False,3380
False,3384
False,3387
False,3389
False,3390
False,3393
False,3395
False,3397
False,3398
False,3401
False,3403
False,3405
False,3406
False,3409
False,3411
False,3412
False,3415
False,3416
False,3419
False,3421
False,3423
False,3424
False,3427
False,3429
False,3430
False,3433
False,3432
False,3437
False,3439
False,3440
False,3443
False,3445
False,3446
False,3444
False,3451
False,3442
False,3455
False,3456
False,3459
False,3461
False,3463
False,3460
False,3467
False,3469
False,3471
False,3473
False,3475
False,3477
False,3479
False,3481
False,3480
False,3484
False,3487
False,3489
False,3491
False,3493
False,3494
False,3497
False,3488
False,3501
False,3503
False,3505
False,3506
False,3508
False,3511
False,3513
False,3515
False,3517
False,3519
False,3520
False,3522
False,3524
False,3518
False,3516
False,3531
False,3533
False,3534
False,3537
False,3539
False,3536
False,3543
False,3545
False,3547
False,3549
False,3551
False,3553
False,3555
False,3557
False,3559
False,3561
False,3563
False,3565
False,3567
False,3569
False,3570
False,3573
False,3575
False,3577
False,3579
False,3581
False,3583
False,3585
False,3587
False,3589
False,3591
False,3593
False,3594
False,3597
False,3599
False,3601
False,3603
False,3604
False,3607
False,3608
False,3610
False,3613
False,3615
False,3617
False,3619
False,3621
False,3622
False,3625
False,3626
False,3629
False,3618
False,3633
False,3635
False,3637
False,3639
False,3641
False,3643
False,3644
False,3647
False,3649
False,3642
False,3652
False,3654
False,3657
False,3658
False,3660
False,3662
False,3665
False,3667
False,3669
False,3670
False,3673
False,3675
False,3677
False,3679
False,3681
False,3683
False,3684
False,3687
False,3689
False,3691
False,3693
False,3695
False,3697
False,3698
False,3701
False,3700
False,3696
False,3694
False,3692
False,3690
False,3688
False,3686
False,3680
False,3678
False,3676
False,3674
False,3672
False,3668
False,3666
False,3664
False,3656
False,3640
False,3638
False,3634
False,3632
False,3616
False,3614
False,3606
False,3600
False,3598
False,3596
False,3592
False,3590
False,3588
False,3586
False,3584
False,3582
False,3578
False,3576
False,3574
False,3568
False,3564
False,3562
False,3556
False,3552
False,3550
False,3548
False,3546
False,3542
False,3530
False,3514
False,3512
False,3510
False,3504
False,3486
False,3476
False,3474
False,3472
False,3468
False,3436
False,3426
False,3422
False,3420
False,3414
False,3408
False,3404
False,3402
False,3396
False,3394
False,3392
False,3388
False,3386
False,3376
False,3368
False,3366
False,3360
False,3328
False,3322
False,3316
False,3306
False,3226
False,3224
False,3222
False,3218
False,3216
False,1670
False,1710
False,1443
False,1457
False,1334
False,1340
False,1341
False,1343
False,1556
False,1418
False,1882
False,1347
False,1866
False,1416
False,1349
False,1348
False,1351
False,1620
False,1353
False,1500
False,1815
False,1354
False,1356
False,1357
False,1359
False,1419
False,1394
False,1365
False,1465
False,1548
False,1368
False,1667
False,1370
False,1367
False,1611
False,1373
False,1374
False,1375
False,1377
False,1376
False,1379
False,1380
False,1528
False,1449
False,1474
False,1767
False,1381
False,1382
False,1384
False,1502
False,1531
False,1385
False,1386
False,1387
False,1540
False,1886
False,1388
False,1390
False,1391
False,1673
False,1393
False,1702
False,1830
False,1592
False,1691
False,1395
False,1397
False,1398
False,1399
False,1580
False,1617
False,1737
False,1798
False,1400
False,1402
False,1403
False,1803
False,1514
False,1609
False,1404
False,1984
False,1541
False,1554
False,1405
False,1608
False,1795
False,1553
False,1560
False,1731
False,1758
False,1728
False,1408
False,1406
False,1616
False,1410
False,1409
False,1414
False,1415
False,1928
False,1641
False,1417
False,1423
False,1424
False,1425
False,1426
False,1427
False,1429
False,2016
False,1962
False,1430
False,1610
False,1431
False,1432
False,1600
False,1433
False,1434
False,1435
False,1578
False,1437
False,1438
False,2028
False,1440
False,1740
False,1444
False,1445
False,1711
False,1773
False,1446
False,1447
False,2046
False,1448
False,1946
False,1573
False,1452
False,1627
False,1453
False,1455
False,1454
False,1456
False,1640
False,1458
False,1747
False,2043
False,1459
False,1461
False,1462
False,1636
False,1464
False,1619
False,1466
False,1645
False,1768
False,1467
False,1469
False,1470
False,1471
False,1472
False,1473
False,1475
False,1476
False,1478
False,1479
False,1480
False,1481
False,1996
False,2079
False,1674
False,1790
False,1483
False,1484
False,1485
False,2042
False,1486
False,2073
False,2118
False,2293
False,1487
False,1488
False,1490
False,2059
False,1489
False,1833
False,1491
False,1492
False,1493
False,1494
False,1495
False,1496
False,2131
False,1781
False,1497
False,1498
False,2066
False,1499
False,1800
False,1501
False,2011
False,1505
False,1745
False,2055
False,1506
False,2009
False,1507
False,1925
False,1508
False,1509
False,1848
False,1510
False,1511
False,1512
False,1513
False,1891
False,1736
False,1515
False,1516
False,1517
False,1519
False,1883
False,1520
False,1521
False,1522
False,1523
False,1524
False,1525
False,1526
False,1527
False,1529
False,1530
False,2303
False,1814
False,2076
False,2156
False,1532
False,1533
False,1735
False,1974
False,1534
False,1535
False,1536
False,1537
False,1539
False,1538
False,1542
False,1543
False,2152
False,1839
False,1544
False,1545
False,1546
False,1859
False,1547
False,1824
False,1549
False,1550
False,1755
False,1551
False,1552
False,1555
False,1557
False,1558
False,1559
False,2122
False,1561
False,1562
False,1563
False,1893
False,1564
False,1565
False,1566
False,1568
False,1567
False,2129
False,1569
False,1570
False,1571
False,2013
False,1572
False,2512
False,1574
False,1575
False,1576
False,1577
False,1579
False,1581
False,1582
False,1583
False,1584
False,1585
False,1586
False,1587
False,2333
False,2054
False,1589
False,1930
False,1590
False,2216
False,1588
False,1591
False,1593
False,1594
False,1595
False,1596
False,1598
False,1599
False,1601
False,1602
False,1603
False,2372
False,1604
False,2104
False,1605
False,1606
False,1607
False,1612
False,2120
False,1949
False,1613
False,1614
False,2255
False,1615
False,1618
False,1621
False,1622
False,1623
False,1624
False,2040
False,1625
False,1628
False,1629
False,1630
False,1631
False,1632
False,1633
False,1634
False,1635
False,1637
False,1638
False,1639
False,2300
False,1642
False,1643
False,2422
False,1644
False,2633
False,1646
False,1649
False,1650
False,1651
False,1652
False,1653
False,1654
False,1655
False,2544
False,1657
False,1656
False,1658
False,1659
False,1660
False,1661
False,1663
False,1664
False,1665
False,2157
False,2442
False,2019
False,1666
False,2546
False,1668
False,2387
False,2675
False,2305
False,2176
False,1669
False,1672
False,1675
False,1676
False,2163
False,2283
False,1677
False,2692
False,1678
False,1679
False,1680
False,1681
False,1682
False,1683
False,2237
False,2397
False,1685
False,2668
False,1684
False,2680
False,1686
False,1687
False,1688
False,1689
False,1690
False,1692
False,1693
False,1694
False,1695
False,1696
False,1697
False,1698
False,1699
False,1700
False,1701
False,1703
False,1704
False,1705
False,1706
False,1707
False,1708
False,1709
False,1712
False,2430
False,1713
False,2521
False,1714
False,1715
False,1717
False,2729
False,1719
False,2209
False,2586
False,1720
False,1721
False,1722
False,1723
False,1724
False,1725
False,1727
False,1729
False,1730
False,1732
False,1733
False,2460
False,1734
False,1738
False,1739
False,1741
False,1742
False,1743
False,1744
False,1748
False,1749
False,1750
False,1751
False,1752
False,1753
False,1754
False,1756
False,1757
False,1759
False,1760
False,1761
False,1762
False,1764
False,1765
False,1766
False,1769
False,1770
False,1772
False,1776
False,1774
False,1777
False,1778
False,1779
False,1780
False,1782
False,1783
False,1784
False,2509
False,1785
False,1786
False,1787
False,1788
False,1789
False,1791
False,1792
False,1793
False,1794
False,1796
False,1797
False,1799
False,2472
False,1801
False,1802
False,1804
False,1805
False,1806
False,1807
False,1808
False,1809
False,1810
False,1811
False,1812
False,1813
False,1816
False,1817
False,1818
False,1819
False,1820
False,1821
False,1822
False,1823
False,1825
False,1826
False,1827
False,1828
False,1829
False,2647
False,1831
False,1832
False,1834
False,1835
False,1836
False,1837
False,1838
False,2741
False,1840
False,1841
False,1842
False,1843
False,1844
False,1845
False,2476
False,1846
False,2506
False,1847
False,1849
False,1850
False,1852
False,1853
False,1854
False,1855
False,1856
False,1857
False,1858
False,1860
False,1861
False,1862
False,1863
False,1865
False,1867
False,1868
False,1869
False,1870
False,1871
False,1872
False,1873
False,1874
False,1875
False,1876
False,1877
False,1878
False,1880
False,1881
False,1884
False,1885
False,1887
False,1888
False,1889
False,1890
False,1892
False,1894
False,1895
False,1896
False,1897
False,1898
False,1899
False,1900
False,1901
False,1902
False,1903
False,1904
False,1905
False,1906
False,1907
False,1908
False,1909
False,1910
False,1911
False,1912
False,1913
False,1914
False,1915
False,1916
False,1917
False,1918
False,1919
False,1920
False,1921
False,1922
False,1923
False,1924
False,1926
False,1927
False,1929
False,1931
False,1932
False,1933
False,2642
False,1934
False,1935
False,1936
False,1937
False,1938
False,1939
False,1940
False,1941
False,1942
False,2980
False,1943
False,1944
False,1945
False,1947
False,1948
False,1950
False,1951
False,2720
False,1952
False,1953
False,1954
False,1955
False,1956
False,1957
False,1958
False,1959
False,3021
False,1960
False,1961
False,1963
False,1964
False,1965
False,1966
False,1967
False,1968
False,1969
False,1970
False,1971
False,1972
False,1973
False,1975
False,1976
False,1977
False,1978
False,1979
False,2817
False,1980
False,1981
False,1982
False,1983
False,1985
False,1986
False,1987
False,1988
False,1989
False,1990
False,1991
False,1992
False,1993
False,1994
False,1995
False,1997
False,1998
False,1999
False,2000
False,2001
False,2818
False,2002
False,2003
False,2004
False,2005
False,2006
False,2007
False,2008
False,2010
False,2012
False,2014
False,2015
False,2017
False,2018
False,2020
False,2021
False,2022
False,2023
False,2024
False,2025
False,2026
False,2027
False,2029
False,2030
False,2031
False,2032
False,2033
False,2034
False,2035
False,2036
False,2037
False,2038
False,2039
False,2041
False,2044
False,2045
False,2047
False,2916
False,2048
False,2049
False,2050
False,2051
False,2052
False,2053
False,2056
False,2057
False,2058
False,2060
False,2979
False,2061
False,2062
False,2063
False,2064
False,2065
False,2067
False,2068
False,2069
False,2070
False,2071
False,2072
False,3091
False,2074
False,2075
False,2077
False,2078
False,2080
False,2081
False,2082
False,2083
False,2084
False,2085
False,2086
False,2087
False,2089
False,2090
False,2091
False,2092
False,2093
False,2094
False,2095
False,2096
False,2098
False,2099
False,2100
False,2101
False,2102
False,2103
False,2105
False,2106
False,2108
False,2109
False,2110
False,2111
False,2112
False,2113
False,2114
False,2115
False,2116
False,2117
False,2119
False,2121
False,2123
False,2124
False,2126
False,2127
False,2128
False,2130
False,2132
False,2133
False,2134
False,2135
False,2136
False,2137
False,2138
False,2139
False,2140
False,2141
False,2142
False,2143
False,2144
False,2145
False,2146
False,2147
False,2148
False,2149
False,2150
False,3247
False,2151
False,2153
False,2154
False,2155
False,2158
False,2159
False,2160
False,2161
False,2162
False,2164
False,2165
False,2166
False,2167
False,2168
False,2169
False,2170
False,2171
False,2172
False,2173
False,2174
False,2175
False,2177
False,2178
False,2179
False,2180
False,2181
False,2182
False,2183
False,2184
False,2185
False,2186
False,2187
False,2188
False,2189
False,2190
False,2191
False,2192
False,2193
False,2194
False,2195
False,2196
False,2197
False,2198
False,2199
False,2200
False,2201
False,2202
False,2203
False,2204
False,2205
False,2206
False,2207
False,2208
False,2210
False,2211
False,2212
False,2213
False,2214
False,2215
False,2217
False,2219
False,2220
False,2221
False,2222
False,2223
False,2224
False,2225
False,2226
False,2227
False,2228
False,2230
False,2231
False,2232
False,2233
False,2234
False,2235
False,2236
False,2238
False,2239
False,2240
False,2241
False,2242
False,2243
False,2244
False,2245
False,2246
False,2247
False,2249
False,2250
False,2251
False,2253
False,2254
False,2256
False,2257
False,2258
False,2259
False,2260
False,2262
False,2263
False,2264
False,2265
False,2266
False,2268
False,2269
False,2271
False,2270
False,2272
False,2273
False,2274
False,2275
False,2276
False,2277
False,2278
False,2279
False,2280
False,2281
False,2282
False,2284
False,2285
False,2286
False,2287
False,2288
False,2289
False,2290
False,2291
False,2292
False,2294
False,2295
False,2296
False,2297
False,2298
False,2299
False,2301
False,2302
False,2304
False,2306
False,2307
False,2308
False,2309
False,2310
False,2311
False,2312
False,2313
False,2314
False,2315
False,2316
False,2317
False,2318
False,2319
False,2320
False,2321
False,2322
False,2323
False,2324
False,2325
False,2326
False,2327
False,2328
False,2329
False,2330
False,2331
False,2332
False,2334
False,2335
False,2336
False,2337
False,2338
False,2339
False,2340
False,2341
False,2343
False,2344
False,2345
False,2346
False,2347
False,2348
False,2349
False,2350
False,2351
False,2352
False,2353
False,2354
False,2355
False,2356
False,2357
False,2358
False,2359
False,2360
False,2361
False,2362
False,2363
False,2364
False,2365
False,2366
False,2367
False,2368
False,2369
False,2370
False,2371
False,2373
False,2374
False,2375
False,2376
False,2377
False,2378
False,2379
False,2380
False,2381
False,2382
False,2383
False,2384
False,2385
False,2386
False,2388
False,2389
False,2390
False,2391
False,2392
False,2393
False,2394
False,2395
False,2396
False,2398
False,2399
False,2400
False,2401
False,2402
False,2403
False,2404
False,2405
False,2406
False,2407
False,2408
False,2409
False,2410
False,2411
False,2412
False,2413
False,2414
False,2415
False,2416
False,2417
False,2418
False,2419
False,2420
False,2421
False,2423
False,2424
False,2425
False,2426
False,2427
False,2428
False,2429
False,2431
False,2432
False,2433
False,2434
False,2436
False,2437
False,2438
False,2439
False,2440
False,2441
False,2443
False,2444
False,2445
False,2446
False,2447
False,2448
False,2449
False,2450
False,2451
False,2452
False,2453
False,2454
False,2455
False,2456
False,2457
False,2458
False,2459
False,2461
False,2462
False,2463
False,2464
False,2465
False,2466
False,2467
False,2468
False,2469
False,2470
False,2471
False,2473
False,2474
False,2475
False,2477
False,2478
False,2479
False,2480
False,2481
False,2482
False,2483
False,2485
False,2486
False,2487
False,2488
False,2489
False,2490
False,2491
False,2492
False,2493
False,2494
False,2495
False,2496
False,2499
False,2500
False,2501
False,2502
False,2503
False,2504
False,2505
False,2507
False,2510
False,2511
False,2513
False,2514
False,2515
False,2516
False,2518
False,2520
False,2522
False,2523
False,2524
False,2525
False,2526
False,2527
False,2528
False,2529
False,2530
False,2532
False,2533
False,2534
False,2535
False,2536
False,2537
False,2538
False,2539
False,2540
False,2541
False,2542
False,2543
False,2545
False,2547
False,2548
False,2549
False,2550
False,2551
False,2552
False,2553
False,2554
False,2555
False,2556
False,2557
False,2559
False,2560
False,2561
False,2562
False,2563
False,2564
False,2565
False,2566
False,2567
False,2568
False,2569
False,2570
False,2571
False,2572
False,2573
False,2574
False,2575
False,2576
False,2577
False,2578
False,2579
False,2580
False,2581
False,2583
False,2584
False,2585
False,2587
False,2588
False,2589
False,2590
False,2591
False,2592
False,2593
False,2594
False,2595
False,2596
False,2597
False,2598
False,2599
False,2600
False,2601
False,2602
False,2603
False,2604
False,2605
False,2606
False,2607
False,2608
False,2609
False,2610
False,2611
False,2612
False,2613
False,2614
False,2615
False,2616
False,2617
False,2618
False,2619
False,2620
False,2621
False,2622
False,2623
False,2624
False,2625
False,2626
False,2627
False,2628
False,2629
False,2630
False,2631
False,2632
False,2634
False,2635
False,2636
False,2637
False,2638
False,2639
False,2640
False,2641
False,2643
False,2644
False,2645
False,2646
False,2648
False,2649
False,2650
False,2651
False,2652
False,2653
False,2654
False,2655
False,2656
False,2657
False,2658
False,2659
False,2660
False,2661
False,2662
False,2663
False,2664
False,2665
False,2667
False,2669
False,2670
False,2671
False,2672
False,2674
False,2676
False,2677
False,2678
False,2679
False,2681
False,2682
False,2683
False,2684
False,2685
False,2686
False,2687
False,2688
False,2689
False,2691
False,2693
False,2695
False,2696
False,2697
False,2698
False,2699
False,2700
False,2701
False,2702
False,2703
False,2704
False,2705
False,2706
False,2707
False,2708
False,2709
False,2710
False,2711
False,2712
False,2713
False,2714
False,2715
False,2716
False,2717
False,2721
False,2722
False,2723
False,2724
False,2725
False,2726
False,2727
False,2728
False,2731
False,2732
False,2733
False,2734
False,2735
False,2736
False,2738
False,2739
False,2740
False,2742
False,2743
False,2745
False,2746
False,2747
False,2748
False,2750
False,2751
False,2752
False,2753
False,2754
False,2755
False,2756
False,2757
False,2758
False,2759
False,2761
False,2762
False,2763
False,2764
False,2765
False,2766
False,2767
False,2768
False,2769
False,2770
False,2771
False,2772
False,2773
False,2774
False,2776
False,2777
False,2778
False,2779
False,2780
False,2782
False,2783
False,2784
False,2785
False,2786
False,2787
False,2789
False,2790
False,2791
False,2793
False,2795
False,2796
False,2797
False,2798
False,2801
False,2802
False,2803
False,2804
False,2806
False,2807
False,2808
False,2809
False,2811
False,2812
False,2813
False,2814
False,2815
False,2819
False,2820
False,2821
False,2823
False,2825
False,2826
False,2827
False,2829
False,2832
False,2833
False,2835
False,2836
False,2837
False,2838
False,2839
False,2841
False,2842
False,2844
False,2845
False,2846
False,2847
False,2848
False,2849
False,2850
False,2851
False,2852
False,2854
False,2855
False,2856
False,2858
False,2859
False,2860
False,2861
False,2862
False,2863
False,2864
False,2866
False,2867
False,2868
False,2869
False,2870
False,2871
False,2873
False,2874
False,2875
False,2876
False,2877
False,2878
False,2879
False,2880
False,2881
False,2883
False,2884
False,2885
False,2886
False,2887
False,2888
False,2889
False,2890
False,2891
False,2892
False,2893
False,2894
False,2895
False,2899
False,2900
False,2901
False,2903
False,2904
False,2906
False,2907
False,2908
False,2911
False,2913
False,2914
False,2915
False,2917
False,2918
False,2919
False,2920
False,2921
False,2922
False,2923
False,2924
False,2925
False,2926
False,2928
False,2929
False,2930
False,2932
False,2933
False,2934
False,2935
False,2936
False,2937
False,2939
False,2941
False,2942
False,2943
False,2945
False,2946
False,2948
False,2949
False,2950
False,2952
False,2953
False,2954
False,2955
False,2957
False,2958
False,2959
False,2960
False,2962
False,2963
False,2964
False,2966
False,2967
False,2970
False,2971
False,2972
False,2973
False,2976
False,2977
False,2978
False,2982
False,2984
False,2985
False,2986
False,2987
False,2988
False,2990
False,2995
False,2998
False,2999
False,3000
False,3002
False,3003
False,3004
False,3005
False,3006
False,3007
False,3012
False,3013
False,3014
False,3015
False,3016
False,3017
False,3018
False,3020
False,3022
False,3024
False,3025
False,3026
False,3027
False,3028
False,3030
False,3031
False,3033
False,3034
False,3035
False,3038
False,3039
False,3040
False,3041
False,3043
False,3044
False,3045
False,3046
False,3047
False,3048
False,3050
False,3052
False,3055
False,3056
False,3057
False,3058
False,3060
False,3061
False,3063
False,3064
False,3065
False,3066
False,3067
False,3068
False,3069
False,3070
False,3072
False,3073
False,3074
False,3075
False,3079
False,3081
False,3083
False,3086
False,3087
False,3089
False,3092
False,3094
False,3095
False,3097
False,3098
False,3100
False,3101
False,3102
False,3104
False,3105
False,3106
False,3107
False,3108
False,3109
False,3112
False,3115
False,3116
False,3117
False,3118
False,3120
False,3123
False,3124
False,3125
False,3126
False,3127
False,3129
False,3130
False,3131
False,3132
False,3134
False,3136
False,3137
False,3138
False,3140
False,3141
False,3142
False,3143
False,3144
False,3145
False,3146
False,3148
False,3151
False,3153
False,3157
False,3158
False,3160
False,3161
False,3162
False,3163
False,3164
False,3166
False,3168
False,3175
False,3176
False,3177
False,3179
False,3180
False,3182
False,3185
False,3187
False,3188
False,3191
False,3192
False,3193
False,3194
False,3197
False,3198
False,3199
False,3200
False,3202
False,3203
False,3204
False,3205
False,3206
False,3209
False,3210
False,3212
False,3213
False,3215
False,3220
False,3231
False,3235
False,3236
False,3242
False,3244
False,3245
False,3251
False,3252
False,3253
False,3256
False,3257
False,3259
False,3261
False,3263
False,3268
False,3271
False,3273
False,3275
False,3276
False,3277
False,3279
False,3281
False,3282
False,3284
False,3286
False,3289
False,3291
False,3292
False,3294
False,3295
False,3298
False,3299
False,3300
False,3301
False,3302
False,3303
False,3304
False,3305
False,3309
False,3310
False,3313
False,3315
False,3320
False,3321
False,3324
False,3327
False,3331
False,3332
False,3335
False,3336
False,3338
False,3341
False,3342
False,3345
False,3348
False,3351
False,3352
False,3354
False,3356
False,3358
False,3359
False,3363
False,3365
False,3371
False,3374
False,3375
False,3379
False,3382
False,3383
False,3385
False,3391
False,3399
False,3400
False,3407
False,3410
False,3413
False,3417
False,3418
False,3425
False,3428
False,3431
False,3434
False,3435
False,3438
False,3441
False,3447
False,3448
False,3449
False,3450
False,3452
False,3453
False,3454
False,3457
False,3458
False,3462
False,3464
False,3465
False,3466
False,3470
False,3478
False,3482
False,3483
False,3485
False,3490
False,3492
False,3495
False,3496
False,3498
False,3499
False,3500
False,3502
False,3507
False,3509
False,3521
False,3523
False,3525
False,3526
False,3527
False,3528
False,3529
False,3532
False,3535
False,3538
False,3540
False,3541
False,3544
False,3554
False,3558
False,3560
False,3566
False,3571
False,3572
False,3580
False,3595
False,3602
False,3605
False,3609
False,3611
False,3612
False,3620
False,3623
False,3624
False,3627
False,3628
False,3630
False,3631
False,3636
False,3645
False,3646
False,3648
False,3650
False,3651
False,3653
False,3655
False,3659
False,3661
False,3663
False,3671
False,3682
False,3685
False,3699
